INSERT INTO USERS(ID, CREATED_DATE, CREATED_BY, MODIFIED_BY,MODIFIED_DATE,VERSION, EMAIL, PASSWORD, USERNAME) VALUES(1, CURRENT_TIMESTAMP, 'RatePaySystem','RatePaySystem', CURRENT_TIMESTAMP, 0, 'farhadi.kam@gmail.com', '$2a$10$ZTX73MnjSclVRV/l/dshAeCCqGYoWvEoyx6.QrJeSr0B5IoMuU6dW', 'm.farhadi');
INSERT INTO USERS(ID, CREATED_DATE, CREATED_BY, MODIFIED_BY,MODIFIED_DATE,VERSION, EMAIL, PASSWORD, USERNAME) VALUES(2, CURRENT_TIMESTAMP, 'RatePaySystem','RatePaySystem', CURRENT_TIMESTAMP, 0, 'ratepay-jobs@m.personio.de', '$2a$10$ZTX73MnjSclVRV/l/dshAeCCqGYoWvEoyx6.QrJeSr0B5IoMuU6dW', 'ratepay');

INSERT INTO ROLES (ID, CREATED_DATE, CREATED_BY, MODIFIED_BY,MODIFIED_DATE,VERSION, ROLE) VALUES  (1, CURRENT_TIMESTAMP, 'RatePaySystem','RatePaySystem', CURRENT_TIMESTAMP, 0,'ROLE_USER');
INSERT INTO ROLES (ID, CREATED_DATE, CREATED_BY, MODIFIED_BY,MODIFIED_DATE,VERSION, ROLE) VALUES  (2, CURRENT_TIMESTAMP, 'RatePaySystem','RatePaySystem', CURRENT_TIMESTAMP, 0,'ROLE_MANAGER');
INSERT INTO ROLES (ID, CREATED_DATE, CREATED_BY, MODIFIED_BY,MODIFIED_DATE,VERSION, ROLE) VALUES  (3, CURRENT_TIMESTAMP, 'RatePaySystem','RatePaySystem', CURRENT_TIMESTAMP, 0,'ROLE_DEVELOPER');




insert into USER_ROLES (USER_ID, ROLE_ID) VALUES (1, 1);
insert into USER_ROLES (USER_ID, ROLE_ID) VALUES (1, 2);
insert into USER_ROLES (USER_ID, ROLE_ID) VALUES (1, 3);
insert into USER_ROLES (USER_ID, ROLE_ID) VALUES (2, 1);
insert into USER_ROLES (USER_ID, ROLE_ID) VALUES (2, 2);
insert into USER_ROLES (USER_ID, ROLE_ID) VALUES (2, 3);
insert into PROJECTS (ID, CREATED_DATE, CREATED_BY, MODIFIED_BY,MODIFIED_DATE,VERSION,CODE, NAME, USER_ID) VALUES (1, CURRENT_TIMESTAMP, 'RatePaySystem','RatePaySystem', CURRENT_TIMESTAMP, 0,10, 'Bug Tracker', 1);
insert into PROJECTS (ID, CREATED_DATE, CREATED_BY, MODIFIED_BY,MODIFIED_DATE,VERSION,CODE, NAME, USER_ID) VALUES (2, CURRENT_TIMESTAMP, 'RatePaySystem','RatePaySystem', CURRENT_TIMESTAMP, 0,11, 'Blog', 2);


insert into PROJECT_DEVELOPER (PROJECT_ID, USER_ID) VALUES (1, 1);
insert into PROJECT_DEVELOPER (PROJECT_ID, USER_ID) VALUES (1, 2);


insert into TICKET_PRIORITIES(ID, CREATED_DATE, CREATED_BY, MODIFIED_BY,MODIFIED_DATE,VERSION,PRIORITY) VALUES(1, CURRENT_TIMESTAMP, 'RatePaySystem','RatePaySystem', CURRENT_TIMESTAMP, 0, 'LOW');
insert into TICKET_PRIORITIES(ID, CREATED_DATE, CREATED_BY, MODIFIED_BY,MODIFIED_DATE,VERSION,PRIORITY) VALUES(2, CURRENT_TIMESTAMP, 'RatePaySystem','RatePaySystem', CURRENT_TIMESTAMP, 0, 'MIDDLE');
insert into TICKET_PRIORITIES(ID, CREATED_DATE, CREATED_BY, MODIFIED_BY,MODIFIED_DATE,VERSION,PRIORITY) VALUES(3, CURRENT_TIMESTAMP, 'RatePaySystem','RatePaySystem', CURRENT_TIMESTAMP, 0, 'HIGH');

insert into TICKET_TYPES(ID, CREATED_DATE, CREATED_BY, MODIFIED_BY,MODIFIED_DATE,VERSION, TYPE) values (1, CURRENT_TIMESTAMP, 'RatePaySystem','RatePaySystem', CURRENT_TIMESTAMP, 0, 'BUG');
insert into TICKET_TYPES(ID, CREATED_DATE, CREATED_BY, MODIFIED_BY,MODIFIED_DATE,VERSION, TYPE) values (2, CURRENT_TIMESTAMP, 'RatePaySystem','RatePaySystem', CURRENT_TIMESTAMP, 0, 'FEATURE');
insert into TICKET_TYPES(ID, CREATED_DATE, CREATED_BY, MODIFIED_BY,MODIFIED_DATE,VERSION, TYPE) values (3, CURRENT_TIMESTAMP, 'RatePaySystem','RatePaySystem', CURRENT_TIMESTAMP, 0, 'ENHANCEMENT');